id,nombre,email,dni,ID_producto,observaciones
1,Rosemonde,rseagrovef@unesco.org,28897915,789_TOSTADORA,Praesent id massa id nisl venenatis lacinia
2,Nicolis,nroches1@twitpic.com,30822227,324_MONITOR,Aliquam sit amet diam in magna
3,Marcus,mblyden2@soundcloud.com,18452878,324_MONITOR,Mauris sit amet eros
4,Casey,cteague3@shop-pro.jp,15125808,324_MONITOR,Nullam molestie nibh in lectus
5,Faye,falexandersen4@fastcompany.com,15196276,324_MONITOR,Aenean lectus am
6,Francine,fpoulston5@state.tx.us,22169458,789_TOSTADORA,Sed vel enim sit amet nunc viverra dapibus
8,Bonnie,bherrero7@xing.com,32894631,324_MONITOR,Cras non velit nec nisi vulputate nonummy
9,Danice,dazema8@sogou.com,32719893,789_TOSTADORA,Vivamus in felis eu sapien cursus vestibulum
11,Jodie,jgwyera@harvard.edu,26326248,324_MONITOR,Aliquam quis turpis eget elit sodales scelerisque
15,Dall,dwranklinge@fda.gov,26319141,586_LAVARROPAS,Praesent blandit lacinia erat
16,Rosemonde,rseagrovef@unesco.org,28897915,789_TOSTADORA,Praesent id massa id nisl venenatis lacinia
17,Barbette,bsaunterg@microsoft.com,21512742,458_BATIDORA,Nunc purus kjhdfjkfwef g
18,Loria,ltraytonh@dedecms.com,27952354,343_TV_LED,Integer a nibh
20,Geri,gwhitbreadj@upenn.edu,23903157,731_MOUSE,Praesent id massa id nisl venenatis lacinia
22,Rhonda,rlohoarl@hibu.com,26047302,458_BATIDORA,Maecenas ut massa quis augue luctus tincidunt
23,Corrie,cmacpadenem@admin.ch,17846170,586_LAVARROPAS,Cras mi pede cjbdfhiwebf sdfgbweibgfmd 
24,Delora,dnowlandn@cmu.edu,29505116,343_TV_LED,Donec quis orci eget orci vehicula condimentum
25,Jordana,jannello@goo.ne.jp,27294746,586_LAVARROPAS,Quisque arcu libero
27,Brendis,bfigliovanniq@yolasite.com,31052921,458_BATIDORA,Duis aliquam convallis nunc
28,Gabrielle,gcubbinr@wunderground.com,33461763,789_TOSTADORA,Morbi odio odio jfbrg dfhbgiwefbkws sdf
29,Frayda,fjurkiewiczs@foxnews.com,20634425,731_MOUSE,Donec posuere metus vitae ipsum
30,Dorita,dbefroy2p@zimbio.com,24752093,586_LAVARROPAS,Aliquam non mauris
31,Roby,rughiu@whitehouse.gov,15117341,324_MONITOR,Curabitur convallis jhfvcjhef dsgchwe sdfwaefwef
32,Giavani,garklev@unc.edu,14275633,343_TV_LED,Donec semper sapien a libero vbihfgvbhaefvbjhew sdferfg
33,Julius,jluckesw@fc2.com,31809006,586_LAVARROPAS,Maecenas rhoncus aliquam lacus
34,Maure,mhattersleyx@senate.gov,30711859,586_LAVARROPAS,Vivamus in felis eu sapien cursus vestibulum
35,Julianna,jblazay@arstechnica.com,30543445,789_TOSTADORA,Suspendisse potenti gfjadhgfjweafg dfgwagrer
36,Dorita,dbefroy2p@zimbio.com,24752093,586_LAVARROPAS,Aliquam non mauris fgwaegwe
37,Holt,hguppy10@nih.gov,21584933,789_TOSTADORA,Aenean sit amet justo graegragrer
38,Gabi,ghedgecock11@rambler.ru,29399075,586_LAVARROPAS,Mauris enim leo rhoncus sed vestibulum sit amet
39,Lurlene,lwimp12@nhs.uk,25803763,789_TOSTADORA,Nullam molestie nibh in lectus
40,Will,wdanzelman13@reference.com,13865149,324_MONITOR,Integer ac neque
41,Brenden,bcasassa14@imgur.com,25882180,586_LAVARROPAS,Vivamus vel nulla eget eros elementum pellentesque Quisque porta volutpat erat
42,Barnaby,baleveque15@odnoklassniki.ru,18073544,343_TV_LED,In quis justo
43,Dorita,dbefroy2p@zimbio.com,24752093,586_LAVARROPAS,Aliquam non mauris
44,Josi,jwoofenden17@macromedia.com,21031208,458_BATIDORA,Aliquam erat volutpat jhjkh
45,Laurene,lhadfield18@csmonitor.com,24254170,324_MONITOR,In sagittis dui vel nisl Duis ac nib
46,Madella,mseivwright19@scientificamerican.com,33059813,789_TOSTADORA,Quisque erat eros viverra eget
47,Esta,elatehouse1a@google.co.uk,21015130,324_MONITOR,Integer ac leo
48,Roley,rprickett0@usgs.gov,18629557,458_BATIDORA,Duis aliquam convallis nunc
49,Dorita,dbefroy2p@zimbio.com,24752093,586_LAVARROPAS,Aliquam non mauris
50,Dorita,dbefroy2p@zimbio.com,24752093,586_LAVARROPAS,Aliquam non mauris
