ID,Nombre,eMail,DNI,producto,observaciones
2,Nicolis,nroches1@twitpic.com,30822227,324_MONITOR,Aliquam sit amet diam in magna
4,Casey,cteague3@shop-pro.jp,15125808,324_MONITOR,Nullam molestie nibh in lectus
6,Francine,fpoulston5@state.tx.us,22169458,789_TOSTADORA,Sed vel enim sit amet nunc viv
8,Bonnie,bherrero7@xing.com,32894631,324_MONITOR,Cras non velit nec nisi vulput
16,Rosemonde,rseagrovef@unesco.org,28897915,789_TOSTADORA,Praesent id massa id nisl vene
18,Loria,ltraytonh@dedecms.com,27952354,343_TV_LED,Integer a nibh
20,Geri,gwhitbreadj@upenn.edu,23903157,731_MOUSE,Praesent id massa id nisl vene
22,Rhonda,rlohoarl@hibu.com,26047302,458_BATIDORA,Maecenas ut massa quis augue l
24,Delora,dnowlandn@cmu.edu,29505116,343_TV_LED,Donec quis orci eget orci vehi
28,Gabrielle,gcubbinr@wunderground.com,33461763,789_TOSTADORA,Morbi odio odio jfbrg dfhbgiwe
30,Dorita,dbefroy2p@zimbio.com,24752093,586_LAVARROPAS,Aliquam non mauris
32,Giavani,garklev@unc.edu,14275633,343_TV_LED,Donec semper sapien a libero v
34,Maure,mhattersleyx@senate.gov,30711859,586_LAVARROPAS,Vivamus in felis eu sapien cur
36,Dorita,dbefroy2p@zimbio.com,24752093,586_LAVARROPAS,Aliquam non mauris fgwaegwe
38,Gabi,ghedgecock11@rambler.ru,29399075,586_LAVARROPAS,Mauris enim leo rhoncus sed ve
40,Will,wdanzelman13@reference.com,13865149,324_MONITOR,Integer ac neque
42,Barnaby,baleveque15@odnoklassniki.ru,18073544,343_TV_LED,In quis justo
44,Josi,jwoofenden17@macromedia.com,21031208,458_BATIDORA,Aliquam erat volutpat jhjkh
46,Madella,mseivwright19@scientificamerican.com,33059813,789_TOSTADORA,Quisque erat eros viverra eget
48,Roley,rprickett0@usgs.gov,18629557,458_BATIDORA,Duis aliquam convallis nunc
50,Dorita,dbefroy2p@zimbio.com,24752093,586_LAVARROPAS,Aliquam non mauris
